<?xml version="1.0" encoding="utf-8" ?><dwsync><file name="glyphicons-halflings-regular.eot" server="aphelioncoin.com" local="3589184460" remote="-4611742605327295540" Dst="-1" /><file name="glyphicons-halflings-regular.svg" server="aphelioncoin.com" local="3589184460" remote="3589184460" Dst="-1" /><file name="glyphicons-halflings-regular.ttf" server="aphelioncoin.com" local="3589184460" remote="-4611742605327295540" Dst="-1" /><file name="glyphicons-halflings-regular.woff" server="aphelioncoin.com" local="3589184460" remote="-4611742605327295540" Dst="-1" /><file name="glyphicons-halflings-regular.woff2" server="aphelioncoin.com" local="3589184460" remote="-4611742605327295540" Dst="-1" /><file name="glyphicons-halflings-regular.eot" server="apheliontoken.com" local="3589947666" remote="3590038320" Dst="-1" /><file name="glyphicons-halflings-regular.woff2" server="apheliontoken.com" local="3589947666" remote="3590038320" Dst="-1" /><file name="glyphicons-halflings-regular.woff" server="apheliontoken.com" local="3589947666" remote="3590038320" Dst="-1" /><file name="glyphicons-halflings-regular.ttf" server="apheliontoken.com" local="3589947666" remote="3590038320" Dst="-1" /></dwsync>