<?xml version="1.0" encoding="utf-8" ?><dwsync><file name="Carousel_Placeholder.png" server="aphelioncoin.com" local="3589184460" remote="3589184460" Dst="-1" /><file name="ImgResponsive_Placeholder.png" server="aphelioncoin.com" local="3589184520" remote="3589184520" Dst="-1" /><file name="bg-diag_lines-grey-16x16.gif" server="aphelioncoin.com" local="3589184460" remote="3589184460" Dst="-1" /><file name="bg-diag_lines-grey-8x8.gif" server="aphelioncoin.com" local="3589184460" remote="3589184460" Dst="-1" /><file name="bg-diag_lines-mute_grey-16x16.gif" server="aphelioncoin.com" local="3589184460" remote="3589184460" Dst="-1" /><file name="bg-diag_lines-mute_grey-8x8.gif" server="aphelioncoin.com" local="3589184460" remote="3589184460" Dst="-1" /><file name="buckets-bg.jpg" server="aphelioncoin.com" local="3589184460" remote="-4611742605327295540" Dst="-1" /><file name="logo-small-navbar-200px.png" server="aphelioncoin.com" local="3589184520" remote="-4611735802099098616" Dst="-1" /><file name="logo-small-navbar-230px.png" server="aphelioncoin.com" local="3589184520" remote="3589184520" Dst="-1" /><file name="logo-small-navbar.png" server="aphelioncoin.com" local="3589184520" remote="3589184520" Dst="-1" /><file name="mailinglist-bg.jpg" server="aphelioncoin.com" local="3589184520" remote="-4611742605327295480" Dst="-1" /><file name="navbar-bg.jpg" server="aphelioncoin.com" local="3589184520" remote="-4611742605327295480" Dst="-1" /><file name="temp-diag_bg-grey.jpg" server="aphelioncoin.com" local="3589184520" remote="3589184520" Dst="-1" /><file name="header.jpg" server="aphelioncoin.com" local="3589773995" remote="-4611742605326670400" Dst="-1" /><file name="15xvbd5.png" server="aphelioncoin.com" local="3589772626" remote="-4611742605326670400" Dst="-1" /><file name="2e3ybe1.jpg" server="aphelioncoin.com" local="3589772666" remote="-4611742605326670400" Dst="-1" /><file name="aphelion-about-logo.png" server="aphelioncoin.com" local="3589780751" remote="-4611735802098473536" Dst="-1" /><file name="neo-logo.png" server="aphelioncoin.com" local="3589781072" remote="-4611735802098473536" Dst="-1" /><file name="bitcoin-logo.png" server="aphelioncoin.com" local="3589783126" remote="-4611735802098473536" Dst="-1" /><file name="ethereum-logo.png" server="aphelioncoin.com" local="3589782720" remote="-4611735802098473536" Dst="-1" /><file name="neo-logo-sm.png" server="aphelioncoin.com" local="3589782816" remote="-4611735802098473536" Dst="-1" /><file name="check-box.png" server="aphelioncoin.com" local="3589784035" remote="-4611735802098473536" Dst="-1" /><file name="header.jpg" server="apheliontoken.com" local="3589947661" remote="3590038320" Dst="-1" /><file name="navbar-bg.jpg" server="apheliontoken.com" local="3589947662" remote="3590038320" Dst="-1" /><file name="15xvbd5.png" server="apheliontoken.com" local="3589947657" remote="3590038320" Dst="-1" /><file name="2e3ybe1.jpg" server="apheliontoken.com" local="3589947657" remote="3590038320" Dst="-1" /><file name="bitcoin-logo.png" server="apheliontoken.com" local="3589947659" remote="3590038320" Dst="-1" /><file name="buckets-bg.jpg" server="apheliontoken.com" local="3589947659" remote="3590038320" Dst="-1" /><file name="membership-bg.jpg" server="apheliontoken.com" local="3589947662" remote="3590038320" Dst="-1" /><file name="01e0b-slide1-background.jpg" server="apheliontoken.com" local="3589947657" remote="3590038320" Dst="-1" /><file name="43296-slide1-coin-floating-01.png" server="apheliontoken.com" local="3589947658" remote="3590038320" Dst="-1" /><file name="logo-small-navbar-200px.png" server="apheliontoken.com" local="3589947661" remote="3590038320" Dst="-1" /><file name="only-logo.png" server="apheliontoken.com" local="3589947663" remote="3590038320" Dst="-1" /><file name="aphelion-about-logo.png" server="apheliontoken.com" local="3589947658" remote="3590038320" Dst="-1" /><file name="neo-logo.png" server="apheliontoken.com" local="3589947662" remote="3590038320" Dst="-1" /><file name="ethereum-logo.png" server="apheliontoken.com" local="3589947660" remote="3590038320" Dst="-1" /><file name="neo-logo-sm.png" server="apheliontoken.com" local="3589947662" remote="3590038320" Dst="-1" /><file name="check-box.png" server="apheliontoken.com" local="3589947660" remote="3590038320" Dst="-1" /><file name="graph_DApp-color.png" server="apheliontoken.com" local="3589947660" remote="3590038320" Dst="-1" /><file name="andrew-morrell.png" server="apheliontoken.com" local="3590032696" remote="3590110680" Dst="-1" /><file name="colan-sewell.png" server="apheliontoken.com" local="3590031882" remote="3590110680" Dst="-1" /><file name="natalie-wilcox.png" server="apheliontoken.com" local="3590032829" remote="3590110680" Dst="-1" /><file name="joe-debinza.png" server="apheliontoken.com" local="3590031997" remote="3590110680" Dst="-1" /><file name="adi-benari.png" server="apheliontoken.com" local="3590082850" remote="3590110680" Dst="-1" /><file name="josh-finkleman.png" server="apheliontoken.com" local="3590032427" remote="3590110680" Dst="-1" /><file name="validity-logo.png" server="apheliontoken.com" local="3590085287" remote="3590110680" Dst="-1" /><file name="hosho-logo.png" server="apheliontoken.com" local="3590085274" remote="3590110680" Dst="-1" /><file name="identity-logo.png" server="apheliontoken.com" local="3590085261" remote="3590110680" Dst="-1" /></dwsync>